<?xml version="1.0" ?>
<!--  
/**
 * acl.xml
 *
 * Created By : Sartaj
 */
-->
<config xmlns:xsi="http://www.w3.org/2001/XMLSchema-instance" xsi:noNamespaceSchemaLocation="urn:magento:framework:Acl/etc/acl.xsd">
	<acl>
		<resources>
			<resource id="Magento_Backend::admin">
				<resource id="Sartaj_KeyValue::keyvalue" title="keyvalue" sortOrder="10">
					<resource id="Sartaj_KeyValue::index_index" title="index index" sortOrder="10"/>
				</resource>
			</resource>
		</resources>
	</acl>
</config>
